{
    "name": "root",
    "gauges": {
        "Crawler.Policy.Entropy.mean": {
            "value": 1.4123951196670532,
            "min": 1.4122191667556763,
            "max": 1.4206907749176025,
            "count": 10
        },
        "Crawler.Policy.Entropy.sum": {
            "value": 70506.765625,
            "min": 70496.609375,
            "max": 71304.46875,
            "count": 10
        },
        "Crawler.Environment.EpisodeLength.mean": {
            "value": 178.48,
            "min": 8.76875,
            "max": 684.9722222222222,
            "count": 10
        },
        "Crawler.Environment.EpisodeLength.sum": {
            "value": 49082.0,
            "min": 44896.0,
            "max": 52070.0,
            "count": 10
        },
        "Crawler.Step.mean": {
            "value": 499949.0,
            "min": 49988.0,
            "max": 499949.0,
            "count": 10
        },
        "Crawler.Step.sum": {
            "value": 499949.0,
            "min": 49988.0,
            "max": 499949.0,
            "count": 10
        },
        "Crawler.Policy.ExtrinsicValueEstimate.mean": {
            "value": 3.5338833332061768,
            "min": -0.3608923554420471,
            "max": 4.162818431854248,
            "count": 10
        },
        "Crawler.Policy.ExtrinsicValueEstimate.sum": {
            "value": 3307.71484375,
            "min": -434.514404296875,
            "max": 3442.65087890625,
            "count": 10
        },
        "Crawler.Environment.CumulativeReward.mean": {
            "value": 8.385875317259607,
            "min": -0.8801277984413266,
            "max": 35.57915471011236,
            "count": 10
        },
        "Crawler.Environment.CumulativeReward.sum": {
            "value": 2306.115712246392,
            "min": -4505.374200221151,
            "max": 2561.69913912809,
            "count": 10
        },
        "Crawler.Policy.ExtrinsicReward.mean": {
            "value": 8.385875317259607,
            "min": -0.8801277984413266,
            "max": 35.57915471011236,
            "count": 10
        },
        "Crawler.Policy.ExtrinsicReward.sum": {
            "value": 2306.115712246392,
            "min": -4505.374200221151,
            "max": 2561.69913912809,
            "count": 10
        },
        "Crawler.Losses.PolicyLoss.mean": {
            "value": 0.021525931092910466,
            "min": 0.021525931092910466,
            "max": 0.024830374697000175,
            "count": 10
        },
        "Crawler.Losses.PolicyLoss.sum": {
            "value": 0.10762965546455233,
            "min": 0.09128066995375168,
            "max": 0.12415187348500088,
            "count": 10
        },
        "Crawler.Losses.ValueLoss.mean": {
            "value": 2.5294691880544025,
            "min": 0.32403413464625674,
            "max": 2.593956759770711,
            "count": 10
        },
        "Crawler.Losses.ValueLoss.sum": {
            "value": 12.647345940272013,
            "min": 1.6201706732312837,
            "max": 12.969783798853555,
            "count": 10
        },
        "Crawler.Policy.LearningRate.mean": {
            "value": 1.6469854510080006e-05,
            "min": 1.6469854510080006e-05,
            "max": 0.0002846334051222,
            "count": 10
        },
        "Crawler.Policy.LearningRate.sum": {
            "value": 8.234927255040004e-05,
            "min": 8.234927255040004e-05,
            "max": 0.0012846684717771999,
            "count": 10
        },
        "Crawler.Policy.Epsilon.mean": {
            "value": 0.10548992000000001,
            "min": 0.10548992000000001,
            "max": 0.19487780000000005,
            "count": 10
        },
        "Crawler.Policy.Epsilon.sum": {
            "value": 0.5274496000000001,
            "min": 0.50002,
            "max": 0.9282227999999999,
            "count": 10
        },
        "Crawler.Policy.Beta.mean": {
            "value": 0.00028394700800000013,
            "min": 0.00028394700800000013,
            "max": 0.004744402220000001,
            "count": 10
        },
        "Crawler.Policy.Beta.sum": {
            "value": 0.0014197350400000006,
            "min": 0.0014197350400000006,
            "max": 0.02141831772,
            "count": 10
        },
        "Crawler.IsTraining.mean": {
            "value": 1.0,
            "min": 1.0,
            "max": 1.0,
            "count": 10
        },
        "Crawler.IsTraining.sum": {
            "value": 1.0,
            "min": 1.0,
            "max": 1.0,
            "count": 10
        }
    },
    "metadata": {
        "timer_format_version": "0.1.0",
        "start_time_seconds": "1713534551",
        "python_version": "3.8.18 (default, Sep 11 2023, 13:39:12) [MSC v.1916 64 bit (AMD64)]",
        "command_line_arguments": "C:\\Users\\mbola\\anaconda3\\envs\\AI\\Scripts\\mlagents-learn",
        "mlagents_version": "0.30.0",
        "mlagents_envs_version": "0.30.0",
        "communication_protocol_version": "1.5.0",
        "pytorch_version": "2.2.1+cpu",
        "numpy_version": "1.21.1",
        "end_time_seconds": "1713535642"
    },
    "total": 1090.6638322,
    "count": 1,
    "self": 0.011075500000060856,
    "children": {
        "run_training.setup": {
            "total": 0.01983170000000012,
            "count": 1,
            "self": 0.01983170000000012
        },
        "TrainerController.start_learning": {
            "total": 1090.632925,
            "count": 1,
            "self": 1.4512984999944365,
            "children": {
                "TrainerController._reset_env": {
                    "total": 43.380685,
                    "count": 1,
                    "self": 43.380685
                },
                "TrainerController.advance": {
                    "total": 1045.7644505000053,
                    "count": 55255,
                    "self": 1.4997758999977577,
                    "children": {
                        "env_step": {
                            "total": 852.6404334000167,
                            "count": 55255,
                            "self": 756.8187374000187,
                            "children": {
                                "SubprocessEnvManager._take_step": {
                                    "total": 94.83917179999338,
                                    "count": 55255,
                                    "self": 4.5063393999921,
                                    "children": {
                                        "TorchPolicy.evaluate": {
                                            "total": 90.33283240000128,
                                            "count": 50027,
                                            "self": 90.33283240000128
                                        }
                                    }
                                },
                                "workers": {
                                    "total": 0.9825242000046615,
                                    "count": 55255,
                                    "self": 0.0,
                                    "children": {
                                        "worker_root": {
                                            "total": 1046.4434216999935,
                                            "count": 55255,
                                            "is_parallel": true,
                                            "self": 374.8802935000083,
                                            "children": {
                                                "steps_from_proto": {
                                                    "total": 0.001726399999995465,
                                                    "count": 1,
                                                    "is_parallel": true,
                                                    "self": 0.00013979999999946813,