{"count":1,"self":50.0400576,"total":196.97329729999998,"children":{"InitializeActuators":{"count":10,"self":0.0020101999999999997,"total":0.0020101999999999997,"children":null},"InitializeSensors":{"count":10,"self":0.0010008999999999999,"total":0.0010008999999999999,"children":null},"AgentSendState":{"count":41211,"self":0.2987458,"total":12.2143865,"children":{"CollectObservations":{"count":82430,"self":0.78022799999999992,"total":0.78022799999999992,"children":null},"WriteActionMask":{"count":82430,"self":0.0412337,"total":0.0412337,"children":null},"RequestDecision":{"count":82430,"self":0.1731246,"total":11.094178999999999,"children":{"AgentInfo.ToProto":{"count":82430,"self":0.1716309,"total":10.9210544,"children":{"GenerateSensorData":{"count":82430,"self":10.749423199999999,"total":10.749423499999999,"children":null}}}}}}},"DecideAction":{"count":41211,"self":132.5350016,"total":132.53499739999998,"children":null},"AgentAct":{"count":41211,"self":2.0786094,"total":2.0873988999999997,"children":{"AgentInfo.ToProto":{"count":23,"self":0,"total":0.0087895,"children":{"GenerateSensorData":{"count":23,"self":0.0087895,"total":0.0087895,"children":null}}}}},"AgentInfo.ToProto":{"count":236,"self":0.0019491999999999999,"total":0.093445699999999993,"children":{"GenerateSensorData":{"count":236,"self":0.0914965,"total":0.0914965,"children":null}}}},"gauges":{"Crawler.CumulativeReward":{"count":259,"max":357.9813,"min":-2,"runningAverage":24.5796223,"value":21.67328,"weightedAverage":27.3381844}},"metadata":{"timer_format_version":"0.1.0","start_time_seconds":"1715432370","unity_version":"2022.3.9f1","command_line_arguments":"C:\\Program Files\\Unity\\Hub\\Editor\\2022.3.9f1\\Editor\\Unity.exe -projectpath C:\\Users\\mbola\\Downloads\\MLAgents_Try_class\\MLAgents_Try_class -useHub -hubIPC -cloudEnvironment production -licensingIpc LicenseClient-mbola -hubSessionId 1a4cf47e-5863-4457-abf2-e95038e4cde5","communication_protocol_version":"1.5.0","com.unity.ml-agents_version":"2.0.1","scene_name":"4Legs","end_time_seconds":"1715432567"}}