{
    "name": "root",
    "metadata": {
        "timer_format_version": "0.1.0",
        "start_time_seconds": "1715331970",
        "python_version": "3.8.18 (default, Sep 11 2023, 13:39:12) [MSC v.1916 64 bit (AMD64)]",
        "command_line_arguments": "C:\\Users\\mbola\\anaconda3\\envs\\AI\\Scripts\\mlagents-learn --run-id=prueba_3 configuration.yaml",
        "mlagents_version": "0.30.0",
        "mlagents_envs_version": "0.30.0",
        "communication_protocol_version": "1.5.0",
        "pytorch_version": "2.2.1+cpu",
        "numpy_version": "1.21.2",
        "end_time_seconds": "1715332022"
    },
    "total": 52.0938827,
    "count": 1,
    "self": 0.024111600000004785,
    "children": {
        "run_training.setup": {
            "total": 0.06200209999999995,
            "count": 1,
            "self": 0.06200209999999995
        },
        "TrainerController.start_learning": {
            "total": 52.007768999999996,
            "count": 1,
            "self": 0.09880699999984444,
            "children": {
                "TrainerController._reset_env": {
                    "total": 11.435855799999999,
                    "count": 1,
                    "self": 11.435855799999999
                },
                "TrainerController.advance": {
                    "total": 40.07084790000015,
                    "count": 2012,
                    "self": 0.08368429999996607,
                    "children": {
                        "env_step": {
                            "total": 29.520423100000187,
                            "count": 2012,
                            "self": 25.994343200000195,
                            "children": {
                                "SubprocessEnvManager._take_step": {
                                    "total": 3.47154989999993,
                                    "count": 2012,
                                    "self": 0.1764244999999427,
                                    "children": {
                                        "TorchPolicy.evaluate": {
                                            "total": 3.2951253999999874,
                                            "count": 1036,
                                            "self": 3.2951253999999874
                                        }
                                    }
                                },
                                "workers": {
                                    "total": 0.05453000000006192,
                                    "count": 2011,
                                    "self": 0.0,
                                    "children": {
                                        "worker_root": {
                                            "total": 38.12349739999998,
                                            "count": 2011,
                                            "is_parallel": true,
                                            "self": 21.46632249999992,
                                            "children": {
                                                "steps_from_proto": {
                                                    "total": 0.01052679999999917,
                                                    "count": 1,
                                                    "is_parallel": true,
                                                    "self": 0.0005296999999995222,
                                                    "children": {
                                                        "_process_rank_one_or_two_observation": {
                                                            "total": 0.009997099999999648,
                                                            "count": 2,
                                                            "is_parallel": true,
                                                            "self": 0.009997099999999648
                                                        }
                                                    }
                                                },
                                                "UnityEnvironment.step": {
                                                    "total": 16.646648100000057,
                                                    "count": 2011,
                                                    "is_parallel": true,
                                                    "self": 0.35436010000010043,
                                                    "children": {
                                                        "UnityEnvironment._generate_step_input": {
                                                            "total": 0.6677389000000886,
                                                            "count": 2011,
                                                            "is_parallel": true,
                                                            "self": 0.6677389000000886
                                                        },
                                                        "communicator.exchange": {
                                                            "total": 14.824253699999998,
                                                            "count": 2011,
                                                            "is_parallel": true,
                                                            "self": 14.824253699999998
                                                        },
                                                        "steps_from_proto": {
                                                            "total": 0.8002953999998699,
                                                            "count": 2011,
                                                            "is_parallel": true,
                                                            "self": 0.30878639999991186,
                                                            "children": {
                                                                "_process_rank_one_or_two_observation": {
                                                                    "total": 0.491508999999958,
                                                                    "count": 4022,
                                                                    "is_parallel": true,
                                                                    "self": 0.491508999999958
                                                                }
                                                            }
                                                        }
                                                    }
                                                }
                                            }
                                        }
                                    }
                                }
                            }
                        },
                        "trainer_advance": {
                            "total": 10.466740500000002,
                            "count": 2011,
                            "self": 0.09563099999993163,
                            "children": {
                                "process_trajectory": {
                                    "total": 5.932624900000068,
                                    "count": 2011,
                                    "self": 5.932624900000068
                                },
                                "_update_policy": {
                                    "total": 4.4384846000000024,
                                    "count": 1,
                                    "self": 3.1328475000000324,
                                    "children": {
                                        "TorchPPOOptimizer.update": {
                                            "total": 1.30563709999997,
                                            "count": 30,